transaction_id,timestamp,amount,is_fraud,transaction_hour
1,2025-05-27 12:49:56.644509,0.05688496290310733,0,12
2,2025-05-27 12:34:56.644509,0.3679662822302211,0,12
3,2025-05-27 12:19:56.644509,0.16064301280638604,0,12
4,2025-05-27 12:04:56.644509,0.11120497563603421,0,12
5,2025-05-27 11:49:56.644509,0.020198829550184875,0,11
6,2025-05-27 11:34:56.644509,0.02019515659051397,0,11
7,2025-05-27 11:19:56.644509,0.006757633634516027,0,11
8,2025-05-27 11:04:56.644509,0.24567019270795074,0,11
9,2025-05-27 10:49:56.644509,0.11195609588873381,0,10
10,2025-05-27 10:34:56.644509,0.1501756899042582,0,10
11,2025-05-27 10:19:56.644509,0.0019778887827811655,0,10
12,2025-05-27 10:04:56.644509,0.42837851073728545,1,10
13,2025-05-27 09:49:56.644509,0.21814748157398567,0,9
14,2025-05-27 09:34:56.644509,0.028654594872548303,0,9
15,2025-05-27 09:19:56.644509,0.02400095496951444,0,9
16,2025-05-27 09:04:56.644509,0.02423724870834252,0,9
17,2025-05-27 08:49:56.644509,0.04384411959156689,0,8
18,2025-05-27 08:34:56.644509,0.09051213301011288,0,8
19,2025-05-27 08:19:56.644509,0.06867087832708929,0,8
20,2025-05-27 08:04:56.644509,0.04157545483483925,0,8
21,2025-05-27 07:49:56.644509,0.11529726486936509,0,7
22,2025-05-27 07:34:56.644509,0.017824873282891358,0,7
23,2025-05-27 07:19:56.644509,0.04173339210068807,0,7
24,2025-05-27 07:04:56.644509,0.055293959205661256,0,7
25,2025-05-27 06:49:56.644509,0.07398442665099536,0,6
26,2025-05-27 06:34:56.644509,0.1877237444599525,0,6
27,2025-05-27 06:19:56.644509,0.026701192487573158,0,6
28,2025-05-27 06:04:56.644509,0.08783087245035384,0,6
29,2025-05-27 05:49:56.644509,0.10931462572540954,0,5
30,2025-05-27 05:34:56.644509,0.0052547809691716255,0,5
31,2025-05-27 05:19:56.644509,0.113946227870418,0,5
32,2025-05-27 05:04:56.644509,0.02232118808002155,0,5
33,2025-05-27 04:49:56.644509,0.007666691153064474,0,4
34,2025-05-27 04:34:56.644509,0.3635060848698548,0,4
35,2025-05-27 04:19:56.644509,0.41210423859546025,0,4
36,2025-05-27 04:04:56.644509,0.2017293518450501,0,4
37,2025-05-27 03:49:56.644509,0.04390962070569799,0,3
38,2025-05-27 03:34:56.644509,0.012014251083523105,0,3
39,2025-05-27 03:19:56.644509,0.14056477876539583,0,3
40,2025-05-27 03:04:56.644509,0.07045287592742233,0,3
41,2025-05-27 02:49:56.644509,0.01536582678322192,0,2
42,2025-05-27 02:34:56.644509,0.08311907735253066,0,2
43,2025-05-27 02:19:56.644509,0.0037158108670633464,0,2
44,2025-05-27 02:04:56.644509,0.2933201106785181,0,2
45,2025-05-27 01:49:56.644509,0.0360947868459071,0,1
46,2025-05-27 01:34:56.644509,0.13242366365483976,0,1
47,2025-05-27 01:19:56.644509,0.0451651607532016,0,1
48,2025-05-27 01:04:56.644509,0.08930985087783738,0,1
49,2025-05-27 00:49:56.644509,0.09630255393129117,0,0
50,2025-05-27 00:34:56.644509,0.024455177648816082,0,0
51,2025-05-27 00:19:56.644509,0.42706236685521193,0,0
52,2025-05-27 00:04:56.644509,0.1821298268811675,0,0
53,2025-05-26 23:49:56.644509,0.3428646636793261,0,23
54,2025-05-26 23:34:56.644509,0.2751665075050809,0,23
55,2025-05-26 23:19:56.644509,0.11097357917676731,1,23
56,2025-05-26 23:04:56.644509,0.3115637013638924,0,23
57,2025-05-26 22:49:56.644509,0.010775239354538555,0,22
58,2025-05-26 22:34:56.644509,0.026138005338034724,0,22
59,2025-05-26 22:19:56.644509,0.005097455863267955,0,22
60,2025-05-26 22:04:56.644509,0.047611964053968024,0,22
61,2025-05-26 21:49:56.644509,0.059683758172335274,0,21
62,2025-05-26 21:34:56.644509,0.0381883738583217,1,21
63,2025-05-26 21:19:56.644509,0.2154698939738975,0,21
64,2025-05-26 21:04:56.644509,0.05345135777075835,0,21
65,2025-05-26 20:49:56.644509,0.0398099855530253,0,20
66,2025-05-26 20:34:56.644509,0.09522270378804573,0,20
67,2025-05-26 20:19:56.644509,0.018028722544626462,0,20
68,2025-05-26 20:04:56.644509,0.19783050515438674,0,20
69,2025-05-26 19:49:56.644509,0.00891672176106173,0,19
70,2025-05-26 19:34:56.644509,0.5300692965057912,0,19
71,2025-05-26 19:19:56.644509,0.1805675947011435,0,19
72,2025-05-26 19:04:56.644509,0.02655488626068219,0,19
73,2025-05-26 18:49:56.644509,0.00010896447023678356,0,18
74,2025-05-26 18:34:56.644509,0.20632850951296555,0,18
75,2025-05-26 18:19:56.644509,0.14966698498983816,1,18
76,2025-05-26 18:04:56.644509,0.15928646636793262,0,18
77,2025-05-26 17:49:56.644509,0.180044810107985,0,17
78,2025-05-26 17:34:56.644509,0.008849996327040331,0,17
79,2025-05-26 17:19:56.644509,0.05377825118146869,0,17
80,2025-05-26 17:04:56.644509,0.014508802860011265,0,17
81,2025-05-26 16:49:56.644509,0.24289098655696761,0,16
82,2025-05-26 16:34:56.644509,0.11896165430103578,0,16
83,2025-05-26 16:19:56.644509,0.0486269252430275,0,16
84,2025-05-26 16:04:56.644509,0.007471412130561473,0,16
85,2025-05-26 15:49:56.644509,0.04503599500477485,0,15
86,2025-05-26 15:34:56.644509,0.047585641176326555,0,15
87,2025-05-26 15:19:56.644509,0.15955704106368912,0,15
88,2025-05-26 15:04:56.644509,0.12368630475770709,0,15
89,2025-05-26 14:49:56.644509,0.26660851147187736,1,14
90,2025-05-26 14:34:56.644509,0.0776733024804721,0,14
91,2025-05-26 14:19:56.644509,0.015025465853718261,0,14
92,2025-05-26 14:04:56.644509,0.1523641617081711,0,14
93,2025-05-26 13:49:56.644509,0.17455740835965622,0,13
94,2025-05-26 13:34:56.644509,0.10030118269301402,0,13
95,2025-05-26 13:19:56.644509,0.17988258772252017,0,13
96,2025-05-26 13:04:56.644509,0.08278483802247852,0,13
97,2025-05-26 12:49:56.644509,0.08999179705673499,0,12
98,2025-05-26 12:34:56.644509,0.067725703371777,0,12
99,2025-05-26 12:19:56.644509,0.0025839271284801295,0,12
100,2025-05-26 12:04:56.644509,0.013408751438575874,0,12
101,2025-05-26 11:49:56.644509,0.0033411689806312596,0,11
102,2025-05-26 11:34:56.644509,0.12329941967237201,0,11
103,2025-05-26 11:19:56.644509,0.04563652391096746,0,11
104,2025-05-26 11:04:56.644509,0.0864112735375499,0,11
105,2025-05-26 10:49:56.644509,0.2909743137687015,1,10
106,2025-05-26 10:34:56.644509,0.03453745194544431,0,10
107,2025-05-26 10:19:56.644509,0.06410967457577316,0,10
108,2025-05-26 10:04:56.644509,0.17190736795709985,0,10
109,2025-05-26 09:49:56.644509,0.031239746320918735,0,9
110,2025-05-26 09:34:56.644509,0.009238717892210879,0,9
111,2025-05-26 09:19:56.644509,0.041320184137711505,0,9
112,2025-05-26 09:04:56.644509,0.020956071402336005,0,9
113,2025-05-26 08:49:56.644509,0.3244821126864027,0,8
114,2025-05-26 08:34:56.644509,0.2015524376209016,0,8
115,2025-05-26 08:19:56.644509,0.12229119224270918,0,8
116,2025-05-26 08:04:56.644509,0.2506029775459732,0,8
117,2025-05-26 07:49:56.644509,0.198746908592277,0,7
118,2025-05-26 07:34:56.644509,0.024712896985724434,0,7
119,2025-05-26 07:19:56.644509,0.2725544210191239,0,7
120,2025-05-26 07:04:56.644509,0.09432833810818092,0,7
121,2025-05-26 06:49:56.644509,0.2011196405396802,0,6
122,2025-05-26 06:34:56.644509,0.2766473224123999,0,6
123,2025-05-26 06:19:56.644509,0.046289698572443014,0,6
124,2025-05-26 06:04:56.644509,0.01370564901197385,0,6
125,2025-05-26 05:49:56.644509,0.03110262249320503,0,5
126,2025-05-26 05:34:56.644509,0.06763326722005925,0,5
127,2025-05-26 05:19:56.644509,0.2080345992800999,0,5
128,2025-05-26 05:04:56.644509,0.24078699282548546,0,5
129,2025-05-26 04:49:56.644509,0.0002852665344401185,0,4
130,2025-05-26 04:34:56.644509,0.08695487156884352,0,4
131,2025-05-26 04:19:56.644509,0.06557824628418912,0,4
132,2025-05-26 04:04:56.644509,0.03018193393569872,0,4
133,2025-05-26 03:49:56.644509,0.015063419770317589,0,3
134,2025-05-26 03:34:56.644509,0.04986226401234115,0,3
135,2025-05-26 03:19:56.644509,0.34996877984279734,0,3
136,2025-05-26 03:04:56.644509,0.04722691544846838,0,3
137,2025-05-26 02:49:56.644509,0.08898479394696249,0,2
138,2025-05-26 02:34:56.644509,0.14807414481255662,0,2
139,2025-05-26 02:19:56.644509,0.05476750165283186,0,2
140,2025-05-26 02:04:56.644509,0.43624415387252385,0,2
141,2025-05-26 01:49:56.644509,0.4012543157276134,0,1
142,2025-05-26 01:34:56.644509,0.03494392614902422,0,1
143,2025-05-26 01:19:56.644509,0.08362288498738951,0,1
144,2025-05-26 01:04:56.644509,0.043253385244496685,0,1
145,2025-05-26 00:49:56.644509,0.040476627733294156,0,0
146,2025-05-26 00:34:56.644509,0.00403290971865129,0,0
147,2025-05-26 00:19:56.644509,0.11457736477386812,0,0
148,2025-05-26 00:04:56.644509,0.08495249638825633,0,0
149,2025-05-25 23:49:56.644509,0.005901834031195672,0,23
150,2025-05-25 23:34:56.644509,0.039420651827909596,0,23
151,2025-05-25 23:19:56.644509,0.2919041847253851,0,23
152,2025-05-25 23:04:56.644509,0.032960527926736705,0,23
153,2025-05-25 22:49:56.644509,0.018595582653835797,0,22
154,2025-05-25 22:34:56.644509,0.08173865667621635,0,22
155,2025-05-25 22:19:56.644509,0.5190369499742893,0,22
156,2025-05-25 22:04:56.644509,0.03336271701070056,0,22
157,2025-05-25 21:49:56.644509,0.13596194813780946,0,21
158,2025-05-25 21:34:56.644509,0.1749853081613164,0,21
159,2025-05-25 21:19:56.644509,0.03265138715443571,0,21
160,2025-05-25 21:04:56.644509,0.1589295771199099,0,21
161,2025-05-25 20:49:56.644509,0.05556943118097897,0,20
162,2025-05-25 20:34:56.644509,0.1219251205955092,0,20
163,2025-05-25 20:19:56.644509,0.12233343127892457,0,20
164,2025-05-25 20:04:56.644509,0.09338377531281375,0,20
165,2025-05-25 19:49:56.644509,0.01101704253287299,0,19
166,2025-05-25 19:34:56.644509,0.22025514826513873,0,19
167,2025-05-25 19:19:56.644509,0.046789221087685795,0,19
168,2025-05-25 19:04:56.644509,0.024704938906437476,0,19
169,2025-05-25 18:49:56.644509,0.004528147114278019,0,18
170,2025-05-25 18:34:56.644509,0.10885856656627244,0,18
171,2025-05-25 18:19:56.644509,0.13800595019466685,0,18
172,2025-05-25 18:04:56.644509,0.001478978427483533,1,18
173,2025-05-25 17:49:56.644509,0.08729217169862141,0,17
174,2025-05-25 17:34:56.644509,0.030874898993609054,0,17
175,2025-05-25 17:19:56.644509,0.12628614804476113,0,17
176,2025-05-25 17:04:56.644509,0.022889884669066333,0,17
177,2025-05-25 16:49:56.644509,0.14319278140992678,0,16
178,2025-05-25 16:34:56.644509,0.059295648767109875,0,16
179,2025-05-25 16:19:56.644509,0.33738583217022944,0,16
180,2025-05-25 16:04:56.644509,0.01754450402801244,0,16
181,2025-05-25 15:49:56.644509,0.05050135899507824,0,15
182,2025-05-25 15:34:56.644509,0.01417762432968486,0,15
183,2025-05-25 15:19:56.644509,0.3160636891206935,0,15
184,2025-05-25 15:04:56.644509,0.25633463111241706,0,15
185,2025-05-25 14:49:56.644509,0.035955826538357945,0,14
186,2025-05-25 14:34:56.644509,0.13150664805700435,0,14
187,2025-05-25 14:19:56.644509,0.20750263228776414,0,14
188,2025-05-25 14:04:56.644509,0.0986171306839051,0,14
189,2025-05-25 13:49:56.644509,0.09177930409657437,0,13
190,2025-05-25 13:34:56.644509,0.03332966037366243,0,13
191,2025-05-25 13:19:56.644509,0.011395969538921129,0,13
192,2025-05-25 13:04:56.644509,0.2779793824530474,0,13
193,2025-05-25 12:49:56.644509,0.2818543549058498,0,12
194,2025-05-25 12:34:56.644509,0.12219018585175936,0,12
195,2025-05-25 12:19:56.644509,0.0501236563089204,0,12
196,2025-05-25 12:04:56.644509,0.0520244129386126,0,12
197,2025-05-25 11:49:56.644509,0.15791522809079556,0,11
198,2025-05-25 11:34:56.644509,0.27785327750434635,0,11
199,2025-05-25 11:19:56.644509,0.26647199980410885,0,11
200,2025-05-25 11:04:56.644509,0.18473946472734395,0,11
201,2025-05-25 10:49:56.644509,0.12520691006146084,0,10
202,2025-05-25 10:34:56.644509,0.010191850926810159,0,10
203,2025-05-25 10:19:56.644509,0.021015450917015597,0,10
204,2025-05-25 10:04:56.644509,0.27958385366928673,0,10
205,2025-05-25 09:49:56.644509,0.11359852102157253,0,9
206,2025-05-25 09:34:56.644509,0.000562574989593281,0,9
207,2025-05-25 09:19:56.644509,0.0125309140772301,0,9
208,2025-05-25 09:04:56.644509,0.13277932858297217,0,9
209,2025-05-25 08:49:56.644509,5.264575528294039e-05,0,8
210,2025-05-25 08:34:56.644509,0.020895467567766106,1,8
211,2025-05-25 08:19:56.644509,0.09685043708220084,0,8
212,2025-05-25 08:04:56.644509,0.1435723205759201,0,8
213,2025-05-25 07:49:56.644509,0.12865092191287741,0,7
214,2025-05-25 07:34:56.644509,0.030522907025147532,0,7
215,2025-05-25 07:19:56.644509,0.15190993902886946,0,7
216,2025-05-25 07:04:56.644509,0.032588946840030365,0,7
217,2025-05-25 06:49:56.644509,0.04762481941281618,0,6
218,2025-05-25 06:34:56.644509,0.1674520678762947,0,6
219,2025-05-25 06:19:56.644509,0.12783491270599184,0,6
220,2025-05-25 06:04:56.644509,0.2310671172163863,0,6
221,2025-05-25 05:49:56.644509,0.1306557457332452,0,5
222,2025-05-25 05:34:56.644509,0.10227968363574036,0,5
223,2025-05-25 05:19:56.644509,0.01147310169201009,0,5
224,2025-05-25 05:04:56.644509,0.05555596366218566,0,5
225,2025-05-25 04:49:56.644509,0.03715994515046892,0,4
226,2025-05-25 04:34:56.644509,0.033675530742672447,0,4
227,2025-05-25 04:19:56.644509,0.4416936017042533,0,4
228,2025-05-25 04:04:56.644509,0.0605720022527486,0,4
229,2025-05-25 03:49:56.644509,0.2719716447513406,1,3
230,2025-05-25 03:34:56.644509,0.12153701119028382,0,3
231,2025-05-25 03:19:56.644509,0.19334214843654352,0,3
232,2025-05-25 03:04:56.644509,0.08494208966918876,0,3
233,2025-05-25 02:49:56.644509,0.10474179093513553,0,2
234,2025-05-25 02:34:56.644509,0.08247630941012268,0,2
235,2025-05-25 02:19:56.644509,0.02602536790812704,0,2
236,2025-05-25 02:04:56.644509,0.15635972967016823,0,2
237,2025-05-25 01:49:56.644509,0.039781826195548375,0,1
238,2025-05-25 01:34:56.644509,0.0024449668209309727,0,1
239,2025-05-25 01:19:56.644509,0.12638960307549157,0,1
240,2025-05-25 01:04:56.644509,0.02329758319253655,0,1
241,2025-05-25 00:49:56.644509,0.34482235118391735,0,0
242,2025-05-25 00:34:56.644509,0.37622309557041067,0,0
243,2025-05-25 00:19:56.644509,0.3010437327064816,0,0
244,2025-05-25 00:04:56.644509,0.056029775459732124,0,0
245,2025-05-24 23:49:56.644509,0.0013381816400989252,0,23
246,2025-05-24 23:34:56.644509,0.32210387129949314,0,23
247,2025-05-24 23:19:56.644509,0.06786343935943584,0,23
248,2025-05-24 23:04:56.644509,0.4158029089840594,0,23
249,2025-05-24 22:49:56.644509,0.40513847057959307,0,22
250,2025-05-24 22:34:56.644509,0.2341805626974216,0,22
251,2025-05-24 22:19:56.644509,0.042132520384926174,0,22
252,2025-05-24 22:04:56.644509,0.058968755356399526,0,22
253,2025-05-24 21:49:56.644509,0.23263057371630058,0,21
254,2025-05-24 21:34:56.644509,0.04609564386983031,0,21
255,2025-05-24 21:19:56.644509,0.022169372413624232,0,21
256,2025-05-24 21:04:56.644509,0.09905849800435859,0,21
257,2025-05-24 20:49:56.644509,0.3362778226695071,0,20
258,2025-05-24 20:34:56.644509,0.14522637674771666,0,20
259,2025-05-24 20:19:56.644509,0.1027773696711477,0,20
260,2025-05-24 20:04:56.644509,0.011947525649501703,0,20
261,2025-05-24 19:49:56.644509,0.11629630989985063,0,19
262,2025-05-24 19:34:56.644509,0.5639125590734347,0,19
263,2025-05-24 19:19:56.644509,0.017908739195376968,0,19
264,2025-05-24 19:04:56.644509,0.08886725923749358,0,19
265,2025-05-24 18:49:56.644509,0.25636829990940035,0,18
266,2025-05-24 18:34:56.644509,0.1647187737211979,0,18
267,2025-05-24 18:19:56.644509,0.14562428071206446,0,18
268,2025-05-24 18:04:56.644509,0.1478543793922476,0,18
269,2025-05-24 17:49:56.644509,0.0539735302039717,0,17
270,2025-05-24 17:34:56.644509,0.04198376551825461,0,17
271,2025-05-24 17:19:56.644509,0.2023470212297069,0,17
272,2025-05-24 17:04:56.644509,0.20283123974632092,0,17
273,2025-05-24 16:49:56.644509,0.24649293567423297,0,16
274,2025-05-24 16:34:56.644509,0.2987303802737579,0,16
275,2025-05-24 16:19:56.644509,0.08710423859546024,0,16
276,2025-05-24 16:04:56.644509,0.08466661769387104,0,16
277,2025-05-24 15:49:56.644509,0.19543879624868388,0,15
278,2025-05-24 15:34:56.644509,0.12795061093562526,1,15
279,2025-05-24 15:19:56.644509,0.14764134773133525,0,15
280,2025-05-24 15:04:56.644509,0.1939292098239428,0,15
281,2025-05-24 14:49:56.644509,0.26967849359680696,0,14
282,2025-05-24 14:34:56.644509,0.0499320502460883,0,14
283,2025-05-24 14:19:56.644509,0.057088812164842434,0,14
284,2025-05-24 14:04:56.644509,0.01151472856828032,0,14
285,2025-05-24 13:49:56.644509,0.10514091921937363,0,13
286,2025-05-24 13:34:56.644509,0.003912926369401797,0,13
287,2025-05-24 13:19:56.644509,0.07614779989715714,0,13
288,2025-05-24 13:04:56.644509,0.09520923626925243,0,13
289,2025-05-24 12:49:56.644509,0.04076801586718578,0,12
290,2025-05-24 12:34:56.644509,0.10884081392786307,0,12
291,2025-05-24 12:19:56.644509,0.00322363427116237,0,12
292,2025-05-24 12:04:56.644509,0.004091677073385734,0,12
293,2025-05-24 11:49:56.644509,0.2111590636401479,0,11
294,2025-05-24 11:34:56.644509,0.05410759323195965,0,11
295,2025-05-24 11:19:56.644509,0.01606858640025466,0,11
296,2025-05-24 11:04:56.644509,0.08986630426797915,0,11
297,2025-05-24 10:49:56.644509,0.17936347608903255,0,10
298,2025-05-24 10:34:56.644509,0.029196968583951616,0,10
299,2025-05-24 10:19:56.644509,0.1188294277528833,0,10
300,2025-05-24 10:04:56.644509,0.010353461152329881,0,10
301,2025-05-24 09:49:56.644509,0.005928156908837141,0,9
302,2025-05-24 09:34:56.644509,0.09222373221675359,0,9
303,2025-05-24 09:19:56.644509,0.09467237199735548,0,9
304,2025-05-24 09:04:56.644509,0.12364284140160142,0,9
305,2025-05-24 08:49:56.644509,0.15797583192536546,0,8
306,2025-05-24 08:34:56.644509,0.4553135483239061,0,8
307,2025-05-24 08:19:56.644509,0.08835243272362203,0,8
308,2025-05-24 08:04:56.644509,0.04718222777247239,0,8
309,2025-05-24 07:49:56.644509,0.19356619897646857,0,7
310,2025-05-24 07:34:56.644509,0.03810144714611034,0,7
311,2025-05-24 07:19:56.644509,0.07019515659051398,0,7
312,2025-05-24 07:04:56.644509,0.009434609074659027,0,7
313,2025-05-24 06:49:56.644509,0.002575356889248023,0,6
314,2025-05-24 06:34:56.644509,0.40191177550870494,0,6
315,2025-05-24 06:19:56.644509,0.22076018021988786,0,6
316,2025-05-24 06:04:56.644509,0.14520433898969123,0,6
317,2025-05-24 05:49:56.644509,0.06381338916232035,0,5
318,2025-05-24 05:34:56.644509,0.022730723083327214,0,5
319,2025-05-24 05:19:56.644509,0.02025943338475477,0,5
320,2025-05-24 05:04:56.644509,0.03469232841156738,0,5
321,2025-05-24 04:49:56.644509,0.09698388795024365,0,4
322,2025-05-24 04:34:56.644509,0.1529426528563383,0,4
323,2025-05-24 04:19:56.644509,0.13158316805014816,0,4
324,2025-05-24 04:04:56.644509,0.03963919292832832,0,4
325,2025-05-24 03:49:56.644509,0.3787384607850339,0,3
326,2025-05-24 03:34:56.644509,0.16336957320208625,0,3
327,2025-05-24 03:19:56.644509,0.09838450990474792,0,3
328,2025-05-24 03:04:56.644509,0.11525563799309485,0,3
329,2025-05-24 02:49:56.644509,0.06603920272288744,0,2
330,2025-05-24 02:34:56.644509,0.034282793408261715,0,2
331,2025-05-24 02:19:56.644509,0.053303215064031934,0,2
332,2025-05-24 02:04:56.644509,0.17306190161365362,0,2
333,2025-05-24 01:49:56.644509,0.0012065672518915744,0,1
334,2025-05-24 01:34:56.644509,0.014536962217488186,1,1
335,2025-05-24 01:19:56.644509,0.005197237934327481,0,1
336,2025-05-24 01:04:56.644509,0.004522025514826514,0,1
337,2025-05-24 00:49:56.644509,0.23623986875290776,0,0
338,2025-05-24 00:34:56.644509,0.1483379857489165,0,0
339,2025-05-24 00:19:56.644509,0.07812874947966406,0,0
340,2025-05-24 00:04:56.644509,0.012036288841548521,0,0
341,2025-05-23 23:49:56.644509,0.08225899262959427,0,23
342,2025-05-23 23:34:56.644509,0.07796530277430888,0,23
343,2025-05-23 23:19:56.644509,0.0227172555645339,0,23
344,2025-05-23 23:04:56.644509,0.06908286197017557,0,23
345,2025-05-23 22:49:56.644509,0.06166776855456794,0,22
346,2025-05-23 22:34:56.644509,0.11656443595582655,0,22
347,2025-05-23 22:19:56.644509,0.12285682803202821,0,22
348,2025-05-23 22:04:56.644509,0.005107250422390362,0,22
349,2025-05-23 21:49:56.644509,0.05689904258184579,1,21
350,2025-05-23 21:34:56.644509,0.11979725262616617,0,21
351,2025-05-23 21:19:56.644509,0.08506513381816402,0,21
352,2025-05-23 21:04:56.644509,0.23711464531452778,0,21
353,2025-05-23 20:49:56.644509,0.13104263081858028,0,20
354,2025-05-23 20:34:56.644509,0.021206444819902543,0,20
355,2025-05-23 20:19:56.644509,0.008390876368177478,0,20
356,2025-05-23 20:04:56.644509,0.1253397487695585,0,20
357,2025-05-23 19:49:56.644509,0.0027210509561938346,0,19
358,2025-05-23 19:34:56.644509,0.10733612478268323,0,19
359,2025-05-23 19:19:56.644509,0.3443534366659321,0,19
360,2025-05-23 19:04:56.644509,0.10432858297215897,0,19
361,2025-05-23 18:49:56.644509,0.059582139621440294,0,18
362,2025-05-23 18:34:56.644509,0.12563725850290164,0,18
363,2025-05-23 18:19:56.644509,0.07447660324689637,0,18
364,2025-05-23 18:04:56.644509,0.09600749283772866,0,18
365,2025-05-23 17:49:56.644509,0.34690859227699017,0,17
366,2025-05-23 17:34:56.644509,0.05916954381840888,0,17
367,2025-05-23 17:19:56.644509,0.39722385464874266,0,17
368,2025-05-23 17:04:56.644509,0.28807389994857857,0,17
369,2025-05-23 16:49:56.644509,0.026108621660667502,0,16
370,2025-05-23 16:34:56.644509,0.008232326942383508,0,16
371,2025-05-23 16:19:56.644509,0.012436641445676926,0,16
372,2025-05-23 16:04:56.644509,0.0016828276892186392,0,16
373,2025-05-23 15:49:56.644509,0.011577168882685668,0,15
374,2025-05-23 15:34:56.644509,0.14009035480790422,0,15
375,2025-05-23 15:19:56.644509,0.00847290580082764,0,15
376,2025-05-23 15:04:56.644509,0.04646416415681089,0,15
377,2025-05-23 14:49:56.644509,0.22758637576826074,0,14
378,2025-05-23 14:34:56.644509,0.002313964592668773,0,14
379,2025-05-23 14:19:56.644509,0.2056716618918191,0,14
380,2025-05-23 14:04:56.644509,0.039966698498983814,0,14
381,2025-05-23 13:49:56.644509,0.014827126031489508,0,13
382,2025-05-23 13:34:56.644509,0.14551164328215677,0,13
383,2025-05-23 13:19:56.644509,0.12081037733539018,0,13
384,2025-05-23 13:04:56.644509,0.25646685766056954,0,13
385,2025-05-23 12:49:56.644509,0.16205710227968365,0,12
386,2025-05-23 12:34:56.644509,0.19862753740297265,0,12
387,2025-05-23 12:19:56.644509,0.039997306496241336,0,12
388,2025-05-23 12:04:56.644509,0.023346555988148585,0,12
389,2025-05-23 11:49:56.644509,0.16945934033644314,0,11
390,2025-05-23 11:34:56.644509,0.20073520409412574,0,11
391,2025-05-23 11:19:56.644509,0.5695976884840471,0,11
392,2025-05-23 11:04:56.644509,0.06457491613408753,0,11
393,2025-05-23 10:49:56.644509,0.0563921741472612,0,10
394,2025-05-23 10:34:56.644509,0.18282891353852934,0,10
395,2025-05-23 10:19:56.644509,0.050452998359411354,0,10
396,2025-05-23 10:04:56.644509,0.32634185459976983,0,10
397,2025-05-23 09:49:56.644509,0.23876625284654374,0,9
398,2025-05-23 09:34:56.644509,0.06803668062391344,0,9
399,2025-05-23 09:19:56.644509,0.16958544528514413,0,9
400,2025-05-23 09:04:56.644509,0.171403560322241,0,9
401,2025-05-23 08:49:56.644509,0.012756801096990624,0,8
402,2025-05-23 08:34:56.644509,0.284507456108132,0,8
403,2025-05-23 08:19:56.644509,0.08558730625137737,0,8
404,2025-05-23 08:04:56.644509,0.21385073091897452,0,8
405,2025-05-23 07:49:56.644509,0.046657606699478445,0,7
406,2025-05-23 07:34:56.644509,0.27597945591224077,0,7
407,2025-05-23 07:19:56.644509,0.059789049682901156,0,7
408,2025-05-23 07:04:56.644509,0.0007651999314380862,0,7
409,2025-05-23 06:49:56.644509,0.2881143025049585,0,6
410,2025-05-23 06:34:56.644509,0.011151105560860942,0,6
411,2025-05-23 06:19:56.644509,0.046525380151325936,0,6
412,2025-05-23 06:04:56.644509,0.36635630157447535,0,6
413,2025-05-23 05:49:56.644509,0.36770060481402583,0,5
414,2025-05-23 05:34:56.644509,0.10374274590464996,0,5
415,2025-05-23 05:19:56.644509,0.12176901980949584,0,5
416,2025-05-23 05:04:56.644509,0.07228017336369646,0,5
417,2025-05-23 04:49:56.644509,0.04191826440412351,0,4
418,2025-05-23 04:34:56.644509,0.04821861455961214,0,4
419,2025-05-23 04:19:56.644509,0.13610519356497466,0,4
420,2025-05-23 04:04:56.644509,0.17032677097872131,0,4
421,2025-05-23 03:49:56.644509,0.19142853644800314,0,3
422,2025-05-23 03:34:56.644509,0.19028196087073632,0,3
423,2025-05-23 03:19:56.644509,0.011140086681848235,0,3
424,2025-05-23 03:04:56.644509,0.08293604152893069,0,3
425,2025-05-23 02:49:56.644509,0.006689071720659174,1,2
426,2025-05-23 02:34:56.644509,0.0970659173828938,0,2
427,2025-05-23 02:19:56.644509,0.0707546707803815,0,2
428,2025-05-23 02:04:56.644509,0.26714353926393886,0,2
429,2025-05-23 01:49:56.644509,0.05234518474987145,0,1
430,2025-05-23 01:34:56.644509,0.014674698205147042,0,1
431,2025-05-23 01:19:56.644509,0.018323783638188988,0,1
432,2025-05-23 01:04:56.644509,0.17492898944636256,0,1
433,2025-05-23 00:49:56.644509,0.11732167780797767,0,0
434,2025-05-23 00:34:56.644509,0.012483777761453513,0,0
435,2025-05-23 00:19:56.644509,0.010187565807194106,0,0
436,2025-05-23 00:04:56.644509,0.14723242488797475,0,0
437,2025-05-22 23:49:56.644509,0.00868042802223365,0,23
438,2025-05-22 23:34:56.644509,0.21064913440583757,0,23
439,2025-05-22 23:19:56.644509,0.1494104899728201,0,23
440,2025-05-22 23:04:56.644509,0.009819657680158671,0,23
441,2025-05-22 22:49:56.644509,0.01028551139841818,0,22
442,2025-05-22 22:34:56.644509,0.5277816547907638,0,22
443,2025-05-22 22:19:56.644509,0.056832317147824385,0,22
444,2025-05-22 22:04:56.644509,0.056124048091285295,0,22
445,2025-05-22 21:49:56.644509,0.20457528343005463,0,21
446,2025-05-22 21:34:56.644509,0.3596464164156811,0,21
447,2025-05-22 21:19:56.644509,0.5220659173828938,0,21
448,2025-05-22 21:04:56.644509,0.17082384485418353,0,21
449,2025-05-22 20:49:56.644509,0.05722165087294009,0,20
450,2025-05-22 20:34:56.644509,0.010106760694434242,0,20
451,2025-05-22 20:19:56.644509,0.18323171478243835,0,20
452,2025-05-22 20:04:56.644509,0.09950231396459266,0,20
453,2025-05-22 19:49:56.644509,0.06701804647518303,0,19
454,2025-05-22 19:34:56.644509,0.2893796371115845,0,19
455,2025-05-22 19:19:56.644509,0.01386358627782267,0,19
456,2025-05-22 19:04:56.644509,0.08250202012781901,0,19
457,2025-05-22 18:49:56.644509,0.0008294767256788855,0,18
458,2025-05-22 18:34:56.644509,0.07685178383408017,0,18
459,2025-05-22 18:19:56.644509,0.00652623717524915,0,18
460,2025-05-22 18:04:56.644509,0.014917725703371777,0,18
461,2025-05-22 17:49:56.644509,0.014738362839442692,0,17
462,2025-05-22 17:34:56.644509,0.12768738215921055,0,17
463,2025-05-22 17:19:56.644509,0.16723658757560175,0,17
464,2025-05-22 17:04:56.644509,0.10662724356619899,0,17
465,2025-05-22 16:49:56.644509,0.4003617865275839,1,16
466,2025-05-22 16:34:56.644509,0.05694923969734813,0,16
467,2025-05-22 16:19:56.644509,0.040625994759910876,0,16
468,2025-05-22 16:04:56.644509,0.24790763730747573,0,16
469,2025-05-22 15:49:56.644509,0.030416391194691354,0,15
470,2025-05-22 15:34:56.644509,0.4038082470187811,0,15
471,2025-05-22 15:19:56.644509,0.0009286466367932616,0,15
472,2025-05-22 15:04:56.644509,0.4282524057885845,0,15
473,2025-05-22 14:49:56.644509,0.004833002766962952,0,14
474,2025-05-22 14:34:56.644509,0.2709511741227748,0,14
475,2025-05-22 14:19:56.644509,0.09127304782193493,0,14
476,2025-05-22 14:04:56.644509,0.6063058595949951,0,14
477,2025-05-22 13:49:56.644509,0.008816939690002204,0,13
478,2025-05-22 13:34:56.644509,0.0982473860770342,0,13
479,2025-05-22 13:19:56.644509,0.42593231959646416,0,13
480,2025-05-22 13:04:56.644509,0.09008545752834302,0,13
481,2025-05-22 12:49:56.644509,0.12096096868189721,0,12
482,2025-05-22 12:34:56.644509,0.1451131271578638,0,12
483,2025-05-22 12:19:56.644509,0.07364100492176595,0,12
484,2025-05-22 12:04:56.644509,0.12035431817625308,0,12
485,2025-05-22 11:49:56.644509,0.10690516418129731,0,11
486,2025-05-22 11:34:56.644509,0.2827676975440143,0,11
487,2025-05-22 11:19:56.644509,0.005125615220744876,0,11
488,2025-05-22 11:04:56.644509,0.0398148828325865,0,11
489,2025-05-22 10:49:56.644509,0.3672163862974118,0,10
490,2025-05-22 10:34:56.644509,0.2699662087710277,0,10
491,2025-05-22 10:19:56.644509,0.07389137833933251,0,10
492,2025-05-22 10:04:56.644509,0.11793751071279904,0,10
493,2025-05-22 09:49:56.644509,0.03920639584710694,0,9
494,2025-05-22 09:34:56.644509,0.024946742084771913,0,9
495,2025-05-22 09:19:56.644509,0.07571377849604544,0,9
496,2025-05-22 09:04:56.644509,0.05280614118856975,0,9
497,2025-05-22 08:49:56.644509,0.10671172163862974,0,8
498,2025-05-22 08:34:56.644509,0.009338499963270405,0,8
499,2025-05-22 08:19:56.644509,0.44813964592668776,0,8
500,2025-05-22 08:04:56.644509,0.523913416097358,0,8
501,2025-05-22 07:49:56.644509,0.1460882979504885,0,7
502,2025-05-22 07:34:56.644509,0.09346886554518966,0,7
503,2025-05-22 07:19:56.644509,0.04477766350792135,0,7
504,2025-05-22 07:04:56.644509,0.20522784593158502,0,7
505,2025-05-22 06:49:56.644509,0.14075822130806337,0,6
506,2025-05-22 06:34:56.644509,0.02115992066407111,0,6
507,2025-05-22 06:19:56.644509,0.29550858248243106,0,6
508,2025-05-22 06:04:56.644509,0.21111560028404222,0,6
509,2025-05-22 05:49:56.644509,0.365715982271848,0,5
510,2025-05-22 05:34:56.644509,0.15780993658022968,0,5
511,2025-05-22 05:19:56.644509,0.1157912779451015,0,5
512,2025-05-22 05:04:56.644509,0.06575332402850217,0,5
513,2025-05-22 04:49:56.644509,0.32987769044295895,0,4
514,2025-05-22 04:34:56.644509,0.24556734983716547,0,4
515,2025-05-22 04:19:56.644509,0.005096843703322805,0,4
516,2025-05-22 04:04:56.644509,0.0027026861578393203,0,4
517,2025-05-22 03:49:56.644509,0.05726205342932002,0,3
518,2025-05-22 03:34:56.644509,0.20311528196087075,0,3
519,2025-05-22 03:19:56.644509,0.5337581723352678,0,3
520,2025-05-22 03:04:56.644509,0.0193889419427508,0,3
521,2025-05-22 02:49:56.644509,0.10983128871911654,0,2
522,2025-05-22 02:34:56.644509,0.05813438135115944,0,2
523,2025-05-22 02:19:56.644509,0.4283974876955851,0,2
524,2025-05-22 02:04:56.644509,0.22543034844144078,0,2
525,2025-05-22 01:49:56.644509,0.2225256495017018,0,1
526,2025-05-22 01:34:56.644509,0.07685912975342196,0,1
527,2025-05-22 01:19:56.644509,0.06503464825289554,0,1
528,2025-05-22 01:04:56.644509,0.03853485638727687,0,1
529,2025-05-22 00:49:56.644509,0.006535419574426406,0,0
530,2025-05-22 00:34:56.644509,0.24434731506648058,0,0
531,2025-05-22 00:19:56.644509,0.20464139670413087,0,0
532,2025-05-22 00:04:56.644509,1.0,0,0
533,2025-05-21 23:49:56.644509,0.6966661769387106,0,23
534,2025-05-21 23:34:56.644509,0.09868079531820073,0,23
535,2025-05-21 23:19:56.644509,0.1788290604569162,0,23
536,2025-05-21 23:04:56.644509,0.35401515708024195,0,23
537,2025-05-21 22:49:56.644509,0.23141176326550603,0,22
538,2025-05-21 22:34:56.644509,0.03422035309385636,0,22
539,2025-05-21 22:19:56.644509,0.07274663924190114,0,22
540,2025-05-21 22:04:56.644509,0.016363035333872032,0,22
541,2025-05-21 21:49:56.644509,0.37654937682117584,0,21
542,2025-05-21 21:34:56.644509,0.11351955238864811,0,21
543,2025-05-21 21:19:56.644509,0.031215259923112713,0,21
544,2025-05-21 21:04:56.644509,0.13579972575234456,0,21
545,2025-05-21 20:49:56.644509,0.11729290629055561,0,20
546,2025-05-21 20:34:56.644509,0.05372009598667941,0,20
547,2025-05-21 20:19:56.644509,0.01418925536864272,0,20
548,2025-05-21 20:04:56.644509,0.13575197727662286,0,20
549,2025-05-21 19:49:56.644509,0.08937106687235241,0,19
550,2025-05-21 19:34:56.644509,0.18060677293763316,0,19
551,2025-05-21 19:19:56.644509,0.08933433727564338,0,19
552,2025-05-21 19:04:56.644509,0.2334931070790176,0,19
553,2025-05-21 18:49:56.644509,0.09771419476480817,0,18
554,2025-05-21 18:34:56.644509,0.10020691006146087,0,18
555,2025-05-21 18:19:56.644509,0.2556520727735743,0,18
556,2025-05-21 18:04:56.644509,0.06268517838340801,0,18
557,2025-05-21 17:49:56.644509,0.017048042312495407,0,17
558,2025-05-21 17:34:56.644509,0.0030069296505791034,0,17
559,2025-05-21 17:19:56.644509,0.17169984573569383,0,17
560,2025-05-21 17:04:56.644509,0.11799444158769803,0,17
561,2025-05-21 16:49:56.644509,0.14851245133328436,0,16
562,2025-05-21 16:34:56.644509,0.028751316143882075,0,16
563,2025-05-21 16:19:56.644509,0.017381669482602415,0,16
564,2025-05-21 16:04:56.644509,0.0012249320502460885,0,16
565,2025-05-21 15:49:56.644509,0.05228335659541125,0,15
566,2025-05-21 15:34:56.644509,0.10856656627243566,0,15
567,2025-05-21 15:19:56.644509,0.060399985308161326,0,15
568,2025-05-21 15:04:56.644509,0.06986887533974878,0,15
569,2025-05-21 14:49:56.644509,0.28654166360586697,0,14
570,2025-05-21 14:34:56.644509,0.05184505007468352,0,14
571,2025-05-21 14:19:56.644509,0.08776904429589363,0,14
572,2025-05-21 14:04:56.644509,0.1868587624574549,0,14
573,2025-05-21 13:49:56.644509,0.061269252430274986,0,13
574,2025-05-21 13:34:56.644509,0.11856864761624919,0,13
575,2025-05-21 13:19:56.644509,0.24223107813609543,0,13
576,2025-05-21 13:04:56.644509,0.365036484732731,0,13
577,2025-05-21 12:49:56.644509,0.018907784225862537,0,12
578,2025-05-21 12:34:56.644509,0.3191826440412351,0,12
579,2025-05-21 12:19:56.644509,0.0823795881387889,0,12
580,2025-05-21 12:04:56.644509,0.036006023653860283,0,12
581,2025-05-21 11:49:56.644509,0.07467616738901542,0,11
582,2025-05-21 11:34:56.644509,0.47858786943852694,0,11
583,2025-05-21 11:19:56.644509,0.08250018364798356,0,11
584,2025-05-21 11:04:56.644509,0.04823453071818605,0,11
585,2025-05-21 10:49:56.644509,0.12228996792281888,1,10
586,2025-05-21 10:34:56.644509,0.033054800558289875,0,10
587,2025-05-21 10:19:56.644509,0.009090575185484463,0,10
588,2025-05-21 10:04:56.644509,0.016323857097382405,0,10
589,2025-05-21 09:49:56.644509,0.016206934547858667,0,9
590,2025-05-21 09:34:56.644509,0.019603197923553466,0,9
591,2025-05-21 09:19:56.644509,0.017729988491393033,0,9
592,2025-05-21 09:04:56.644509,0.12481206689683882,1,9
593,2025-05-21 08:49:56.644509,0.024008913048801393,0,8
594,2025-05-21 08:34:56.644509,0.05135960723817919,0,8
595,2025-05-21 08:19:56.644509,0.27747128969857243,0,8
596,2025-05-21 08:04:56.644509,0.07807916452410688,0,8
597,2025-05-21 07:49:56.644509,0.1342644286099072,0,7
598,2025-05-21 07:34:56.644509,0.022586865496216853,0,7
599,2025-05-21 07:19:56.644509,0.025576654668331745,0,7
600,2025-05-21 07:04:56.644509,0.004539778153235878,0,7
601,2025-05-21 06:49:56.644509,0.022086730821028917,0,6
602,2025-05-21 06:34:56.644509,0.039411469428732346,0,6
603,2025-05-21 06:19:56.644509,0.023282279193907785,0,6
604,2025-05-21 06:04:56.644509,0.010803398712015477,0,6
605,2025-05-21 05:49:56.644509,0.015170547760718921,0,5
606,2025-05-21 05:34:56.644509,0.07504897279561204,0,5
607,2025-05-21 05:19:56.644509,0.02772411175591959,0,5
608,2025-05-21 05:04:56.644509,0.054890545801807106,0,5
609,2025-05-21 04:49:56.644509,0.08513430789196602,0,4
610,2025-05-21 04:34:56.644509,0.14297730110923382,0,4
611,2025-05-21 04:19:56.644509,0.004341438331007126,0,4
612,2025-05-21 04:04:56.644509,0.19611768162785573,0,4
613,2025-05-21 03:49:56.644509,0.1204669556061608,0,3
614,2025-05-21 03:34:56.644509,0.009874139915277065,0,3
615,2025-05-21 03:19:56.644509,0.25263718504370825,0,3
616,2025-05-21 03:04:56.644509,0.310003917823649,0,3
617,2025-05-21 02:49:56.644509,0.007147579519576876,1,2
618,2025-05-21 02:34:56.644509,0.039120693454785874,0,2
619,2025-05-21 02:19:56.644509,0.20033423933005215,0,2
620,2025-05-21 02:04:56.644509,0.16830847963956022,0,2
621,2025-05-21 01:49:56.644509,0.024404980533313744,0,1
622,2025-05-21 01:34:56.644509,0.028190577634124248,0,1
623,2025-05-21 01:19:56.644509,0.056090991454247174,0,1
624,2025-05-21 01:04:56.644509,0.08056269742158231,0,1
625,2025-05-21 00:49:56.644509,0.11733330884693555,0,0
626,2025-05-21 00:34:56.644509,0.05578858444134284,0,0
627,2025-05-21 00:19:56.644509,0.07544810107985014,0,0
628,2025-05-21 00:04:56.644509,0.16792587967384118,0,0
629,2025-05-20 23:49:56.644509,0.00400719900095497,0,23
630,2025-05-20 23:34:56.644509,0.03505105413942555,0,23
631,2025-05-20 23:19:56.644509,0.1524088493841671,0,23
632,2025-05-20 23:04:56.644509,0.2756090991454247,0,23
633,2025-05-20 22:49:56.644509,0.08718810450794584,0,22
634,2025-05-20 22:34:56.644509,0.09242207203898234,0,22
635,2025-05-20 22:19:56.644509,0.013310193687406647,0,22
636,2025-05-20 22:04:56.644509,0.0720512255442102,0,22
637,2025-05-20 21:49:56.644509,0.0925536864271897,0,21
638,2025-05-20 21:34:56.644509,0.03343005460466711,0,21
639,2025-05-20 21:19:56.644509,0.037835157569969885,1,21
640,2025-05-20 21:04:56.644509,0.05742305149489459,0,21
641,2025-05-20 20:49:56.644509,0.0019136119885403658,0,20
642,2025-05-20 20:34:56.644509,0.04702367834667843,0,20
643,2025-05-20 20:19:56.644509,0.028515634564999146,0,20
644,2025-05-20 20:04:56.644509,0.048006195058644924,0,20
645,2025-05-20 19:49:56.644509,0.01504934009157913,0,19
646,2025-05-20 19:34:56.644509,0.2702606577046451,0,19
647,2025-05-20 19:19:56.644509,0.10966906633365167,0,19
648,2025-05-20 19:04:56.644509,0.13859178726217586,0,19
649,2025-05-20 18:49:56.644509,0.1900224050539925,0,18
650,2025-05-20 18:34:56.644509,0.08391366096133598,0,18
651,2025-05-20 18:19:56.644509,0.010564044173461644,0,18
652,2025-05-20 18:04:56.644509,0.09373576728127525,0,18
653,2025-05-20 17:49:56.644509,0.10765199931438085,0,17
654,2025-05-20 17:34:56.644509,0.16694458728176498,0,17
655,2025-05-20 17:19:56.644509,0.06860966233257426,0,17
656,2025-05-20 17:04:56.644509,0.016141433433727568,0,17
657,2025-05-20 16:49:56.644509,0.040294204069639315,0,16
658,2025-05-20 16:34:56.644509,0.05466221014226598,0,16
659,2025-05-20 16:19:56.644509,0.12654325522172433,0,16
660,2025-05-20 16:04:56.644509,0.10298183109282794,0,16
661,2025-05-20 15:49:56.644509,0.05332647714194765,0,15
662,2025-05-20 15:34:56.644509,0.5266473224123999,0,15
663,2025-05-20 15:19:56.644509,0.11339528391978257,0,15
664,2025-05-20 15:04:56.644509,0.032585273880359464,0,15
665,2025-05-20 14:49:56.644509,0.012573765273390632,1,14
666,2025-05-20 14:34:56.644509,0.01974154607115747,0,14
667,2025-05-20 14:19:56.644509,0.03399446607409584,0,14
668,2025-05-20 14:04:56.644509,0.02087710276941159,0,14
669,2025-05-20 13:49:56.644509,0.024712284825779283,0,13
670,2025-05-20 13:34:56.644509,0.04052009108939984,0,13
671,2025-05-20 13:19:56.644509,0.022742354122285074,0,13
672,2025-05-20 13:04:56.644509,0.2774437425010407,0,13
673,2025-05-20 12:49:56.644509,0.00967090281348711,0,12
674,2025-05-20 12:34:56.644509,0.09044846837581724,0,12
675,2025-05-20 12:19:56.644509,0.06411273537549891,0,12
676,2025-05-20 12:04:56.644509,0.4938900315874532,0,12
677,2025-05-20 11:49:56.644509,0.01397928450745611,0,11
678,2025-05-20 11:34:56.644509,0.06153615416636059,0,11
679,2025-05-20 11:19:56.644509,0.4266038590562942,0,11
680,2025-05-20 11:04:56.644509,0.2450598692426357,0,11
681,2025-05-20 10:49:56.644509,0.20740223805675947,0,10
682,2025-05-20 10:34:56.644509,0.03594970493890644,0,10
683,2025-05-20 10:19:56.644509,0.02237505815519479,0,10
684,2025-05-20 10:04:56.644509,0.1346647812140356,0,10
685,2025-05-20 09:49:56.644509,0.3239232106564804,0,9
686,2025-05-20 09:34:56.644509,0.09904809128529102,0,9
687,2025-05-20 09:19:56.644509,0.10322057347143662,0,9
688,2025-05-20 09:04:56.644509,0.039647151007615275,0,9
689,2025-05-20 08:49:56.644509,0.17909718651289208,0,8
690,2025-05-20 08:34:56.644509,0.024784519699307037,0,8
691,2025-05-20 08:19:56.644509,0.04731323000073459,0,8
692,2025-05-20 08:04:56.644509,0.06727637797203653,0,8
693,2025-05-20 07:49:56.644509,0.08617253115894122,0,7
694,2025-05-20 07:34:56.644509,0.0334202600455447,0,7
695,2025-05-20 07:19:56.644509,0.014366169592791205,0,7
696,2025-05-20 07:04:56.644509,0.11490915546413968,0,7
697,2025-05-20 06:49:56.644509,0.041127353754989104,0,6
698,2025-05-20 06:34:56.644509,0.1060028404221455,0,6
699,2025-05-20 06:19:56.644509,0.01995886285168589,0,6
700,2025-05-20 06:04:56.644509,0.07976138005338035,0,6
701,2025-05-20 05:49:56.644509,0.09254634050784788,0,5
702,2025-05-20 05:34:56.644509,0.005946521707191656,0,5
703,2025-05-20 05:19:56.644509,0.04967555522907025,0,5
704,2025-05-20 05:04:56.644509,0.017104361027449253,0,5
705,2025-05-20 04:49:56.644509,0.007446925732755455,0,4
706,2025-05-20 04:34:56.644509,0.5627653713362227,0,4
707,2025-05-20 04:19:56.644509,0.04707326330223561,0,4
708,2025-05-20 04:04:56.644509,0.20267697544014301,0,4
709,2025-05-20 03:49:56.644509,0.035412840667009476,0,3
710,2025-05-20 03:34:56.644509,0.13951063933984673,0,3
711,2025-05-20 03:19:56.644509,0.1742721418252161,0,3
712,2025-05-20 03:04:56.644509,0.11028673571830849,0,3
713,2025-05-20 02:49:56.644509,0.07752515977374569,0,2
714,2025-05-20 02:34:56.644509,0.06441330590856781,0,2
715,2025-05-20 02:19:56.644509,0.05196013614437181,0,2
716,2025-05-20 02:04:56.644509,0.32418888807267565,1,2
717,2025-05-20 01:49:56.644509,0.2168221552927349,0,1
718,2025-05-20 01:34:56.644509,0.40996718822694,0,1
719,2025-05-20 01:19:56.644509,0.015681701314919562,1,1
720,2025-05-20 01:04:56.644509,0.16012941061240482,0,1
721,2025-05-20 00:49:56.644509,0.3405421288474253,0,0
722,2025-05-20 00:34:56.644509,0.02391219177746762,0,0
723,2025-05-20 00:19:56.644509,0.007855848576115968,0,0
724,2025-05-20 00:04:56.644509,0.1648852812262788,0,0
725,2025-05-19 23:49:56.644509,0.1040402556379931,0,23
726,2025-05-19 23:34:56.644509,0.22520507358162542,0,23
727,2025-05-19 23:19:56.644509,0.017864663679326136,0,23
728,2025-05-19 23:04:56.644509,0.19361455961213547,1,23
729,2025-05-19 22:49:56.644509,0.027000538700751735,0,22
730,2025-05-19 22:34:56.644509,0.021311736330468428,0,22
731,2025-05-19 22:19:56.644509,0.021401111682460394,0,22
732,2025-05-19 22:04:56.644509,0.2057420602855114,0,22
733,2025-05-19 21:49:56.644509,0.13339822228751927,0,21
734,2025-05-19 21:34:56.644509,0.0900768872891109,0,21
735,2025-05-19 21:19:56.644509,0.0538474252552707,0,21
736,2025-05-19 21:04:56.644509,0.25619628296481306,0,21
737,2025-05-19 20:49:56.644509,0.0604410000244864,0,20
738,2025-05-19 20:34:56.644509,0.20708636352506185,0,20
739,2025-05-19 20:19:56.644509,0.0702306618673327,0,20
740,2025-05-19 20:04:56.644509,0.05735632606087319,0,20
741,2025-05-19 19:49:56.644509,0.07548115771688826,0,19
742,2025-05-19 19:34:56.644509,0.0433409241166532,0,19
743,2025-05-19 19:19:56.644509,0.1679926051078626,0,19
744,2025-05-19 19:04:56.644509,0.08496290310732388,0,19
745,2025-05-19 18:49:56.644509,0.03178334435221235,0,18
746,2025-05-19 18:34:56.644509,0.280821641078381,0,18
747,2025-05-19 18:19:56.644509,0.05872878865790054,0,18
748,2025-05-19 18:04:56.644509,0.09545226376747717,0,18
749,2025-05-19 17:49:56.644509,0.2895332892578173,0,17
750,2025-05-19 17:34:56.644509,0.11926773427361101,0,17
751,2025-05-19 17:19:56.644509,0.014651436127231323,0,17
752,2025-05-19 17:04:56.644509,0.34354048825877226,0,17
753,2025-05-19 16:49:56.644509,0.12040329097186514,0,16
754,2025-05-19 16:34:56.644509,0.04936212933715321,0,16
755,2025-05-19 16:19:56.644509,0.01779304096574353,0,16
756,2025-05-19 16:04:56.644509,0.19287384607850339,0,16
757,2025-05-19 15:49:56.644509,0.11791792159455422,0,15
758,2025-05-19 15:34:56.644509,0.09277528832733417,0,15
759,2025-05-19 15:19:56.644509,0.27408359656210973,0,15
760,2025-05-19 15:04:56.644509,0.18968939004383067,0,15
761,2025-05-19 14:49:56.644509,0.019570141286515342,0,14
762,2025-05-19 14:34:56.644509,0.0451676093929822,0,14
763,2025-05-19 14:19:56.644509,0.03440644971718211,0,14
764,2025-05-19 14:04:56.644509,0.16622897230588407,0,14
765,2025-05-19 13:49:56.644509,0.003607458556771714,0,13
766,2025-05-19 13:34:56.644509,0.1027290090354808,0,13
767,2025-05-19 13:19:56.644509,0.17541688092264748,0,13
768,2025-05-19 13:04:56.644509,0.25576287372364653,0,13
769,2025-05-19 12:49:56.644509,0.05069051641812974,0,12
770,2025-05-19 12:34:56.644509,0.210235926442861,0,12
771,2025-05-19 12:19:56.644509,0.013785841964788562,0,12
772,2025-05-19 12:04:56.644509,0.2288376306961483,0,12
773,2025-05-19 11:49:56.644509,0.016128578074879406,0,11
774,2025-05-19 11:34:56.644509,0.06142045593672715,0,11
775,2025-05-19 11:19:56.644509,0.19483337006293006,0,11
776,2025-05-19 11:04:56.644509,0.019316707069223046,0,11
777,2025-05-19 10:49:56.644509,0.03131198119444648,0,10
778,2025-05-19 10:34:56.644509,0.15627219079801172,0,10
779,2025-05-19 10:19:56.644509,0.15529885648522246,0,10
780,2025-05-19 10:04:56.644509,0.12490511520850167,0,10
781,2025-05-19 09:49:56.644509,0.14439077842258627,0,9
782,2025-05-19 09:34:56.644509,0.0952306618673327,0,9
783,2025-05-19 09:19:56.644509,0.03494698694874997,0,9
784,2025-05-19 09:04:56.644509,0.05136511667768555,0,9
785,2025-05-19 08:49:56.644509,0.023966674012586012,0,8
786,2025-05-19 08:34:56.644509,0.2921508851832807,0,8
787,2025-05-19 08:19:56.644509,0.10663397732559565,0,8
788,2025-05-19 08:04:56.644509,0.06214647763167561,0,8
789,2025-05-19 07:49:56.644509,0.07532811773060066,0,7
790,2025-05-19 07:34:56.644509,0.35972722152844094,0,7
791,2025-05-19 07:19:56.644509,0.019812556624794926,0,7
792,2025-05-19 07:04:56.644509,0.10747079997061634,0,7
793,2025-05-19 06:49:56.644509,0.08574524351722618,0,6
794,2025-05-19 06:34:56.644509,0.11517177208060925,0,6
795,2025-05-19 06:19:56.644509,0.0016687480104801782,0,6
796,2025-05-19 06:04:56.644509,0.251236563089204,0,6
797,2025-05-19 05:49:56.644509,0.3287721295820172,0,5
798,2025-05-19 05:34:56.644509,0.10138225715614976,0,5
799,2025-05-19 05:19:56.644509,0.14547675016528316,0,5
800,2025-05-19 05:04:56.644509,0.31254744239574916,0,5
801,2025-05-19 04:49:56.644509,0.14982614657557727,0,4
802,2025-05-19 04:34:56.644509,0.019695021915326037,0,4
803,2025-05-19 04:19:56.644509,0.10456365239109677,0,4
804,2025-05-19 04:04:56.644509,0.11368728421361934,0,4
805,2025-05-19 03:49:56.644509,0.06699845735693821,0,3
806,2025-05-19 03:34:56.644509,0.16269313646269498,0,3
807,2025-05-19 03:19:56.644509,0.33289625113249594,0,3
808,2025-05-19 03:04:56.644509,0.3174943069125101,0,3
809,2025-05-19 02:49:56.644509,0.07281275251597738,0,2
810,2025-05-19 02:34:56.644509,0.014145179852591887,0,2
811,2025-05-19 02:19:56.644509,0.5123203310560984,0,2
812,2025-05-19 02:04:56.644509,0.22295783442297806,0,2
813,2025-05-19 01:49:56.644509,0.015732510590367052,0,1
814,2025-05-19 01:34:56.644509,0.30995678150787237,0,1
815,2025-05-19 01:19:56.644509,0.24912216263865422,0,1
816,2025-05-19 01:04:56.644509,0.08899642498592034,0,1
817,2025-05-19 00:49:56.644509,0.10897304047601558,0,0
818,2025-05-19 00:34:56.644509,0.061769387105462925,0,0
819,2025-05-19 00:19:56.644509,0.006326673033130096,0,0
820,2025-05-19 00:04:56.644509,0.04941599941232645,0,0
821,2025-05-18 23:49:56.644509,0.19823759151791182,0,23
822,2025-05-18 23:34:56.644509,0.0,0,23
823,2025-05-18 23:19:56.644509,0.049103797840299716,0,23
824,2025-05-18 23:04:56.644509,0.061599818800656236,0,23
825,2025-05-18 22:49:56.644509,0.09381228727441907,0,22
826,2025-05-18 22:34:56.644509,0.3084404613237347,0,22
827,2025-05-18 22:19:56.644509,0.051486324346825346,0,22
828,2025-05-18 22:04:56.644509,0.051600186096623334,0,22
829,2025-05-18 21:49:56.644509,0.16318531305859596,0,21
830,2025-05-18 21:34:56.644509,0.07312066896838806,0,21
831,2025-05-18 21:19:56.644509,0.030575552780430473,0,21
832,2025-05-18 21:04:56.644509,0.07316964176400009,0,21
833,2025-05-18 20:49:56.644509,0.018018927985504054,0,20
834,2025-05-18 20:34:56.644509,0.023189843042190066,0,20
835,2025-05-18 20:19:56.644509,0.08389590832292662,0,20
836,2025-05-18 20:04:56.644509,0.06589656945566738,0,20
837,2025-05-18 19:49:56.644509,0.3010174098288401,0,19
838,2025-05-18 19:34:56.644509,0.05452998359411348,0,19
839,2025-05-18 19:19:56.644509,0.10581245867920372,0,19
840,2025-05-18 19:04:56.644509,0.12191104091677074,0,19
841,2025-05-18 18:49:56.644509,0.0010449570263718505,0,18
842,2025-05-18 18:34:56.644509,0.13279279610176548,0,18
843,2025-05-18 18:19:56.644509,0.023435319180195403,0,18
844,2025-05-18 18:04:56.644509,0.39684553980263965,0,18
845,2025-05-18 17:49:56.644509,0.01913611988540366,0,17
846,2025-05-18 17:34:56.644509,0.06499363353657045,0,17
847,2025-05-18 17:19:56.644509,0.010354073312275032,0,17
848,2025-05-18 17:04:56.644509,0.7056288106956586,0,17
849,2025-05-18 16:49:56.644509,0.08483312519895198,0,16
850,2025-05-18 16:34:56.644509,0.11021021572516468,0,16
851,2025-05-18 16:19:56.644509,0.007931756409314627,0,16
852,2025-05-18 16:04:56.644509,0.16913856852518427,0,16
853,2025-05-18 15:49:56.644509,0.02827689218639046,0,15
854,2025-05-18 15:34:56.644509,0.2789821004432038,0,15
855,2025-05-18 15:19:56.644509,0.02754046377237445,0,15
856,2025-05-18 15:04:56.644509,0.025334239330052157,0,15
857,2025-05-18 14:49:56.644509,0.003990058522490757,0,14
858,2025-05-18 14:34:56.644509,0.07763902152354368,0,14
859,2025-05-18 14:19:56.644509,0.10130022772349959,0,14
860,2025-05-18 14:04:56.644509,0.007752393545385539,0,14
861,2025-05-18 13:49:56.644509,0.1823453071818605,0,13
862,2025-05-18 13:34:56.644509,0.0733600235069419,0,13
863,2025-05-18 13:19:56.644509,0.0904178603785597,0,13
864,2025-05-18 13:04:56.644509,0.07058632679546512,0,13
865,2025-05-18 12:49:56.644509,0.06212872499326625,1,12
866,2025-05-18 12:34:56.644509,0.09984573569382207,0,12
867,2025-05-18 12:19:56.644509,0.02008619212027719,0,12
868,2025-05-18 12:04:56.644509,0.0240162589681432,0,12
869,2025-05-18 11:49:56.644509,0.24171808810205933,0,11
870,2025-05-18 11:34:56.644509,0.3570441244888464,0,11
871,2025-05-18 11:19:56.644509,0.056643771884718044,0,11
872,2025-05-18 11:04:56.644509,0.03808675530742673,0,11
873,2025-05-18 10:49:56.644509,0.12588212248096184,0,10
874,2025-05-18 10:34:56.644509,0.0637680893263792,0,10
875,2025-05-18 10:19:56.644509,0.002579642008864076,0,10
876,2025-05-18 10:04:56.644509,0.02021841866842969,0,10
877,2025-05-18 09:49:56.644509,0.1535346115232988,0,9
878,2025-05-18 09:34:56.644509,0.1311252724111756,0,9
879,2025-05-18 09:19:56.644509,0.0027945101496118906,0,9
880,2025-05-18 09:04:56.644509,0.030161120497563608,0,9
881,2025-05-18 08:49:56.644509,0.03160153284850266,0,8
882,2025-05-18 08:34:56.644509,0.1358713484659272,0,8
883,2025-05-18 08:19:56.644509,0.0018683121525992314,0,8
884,2025-05-18 08:04:56.644509,0.012890864124978576,0,8
885,2025-05-18 07:49:56.644509,0.19642682240015671,0,7
886,2025-05-18 07:34:56.644509,0.023511227013394063,0,7
887,2025-05-18 07:19:56.644509,0.1289276182080854,0,7
888,2025-05-18 07:04:56.644509,0.03273892602659223,0,7
889,2025-05-18 06:49:56.644509,0.012254829941967237,0,6
890,2025-05-18 06:34:56.644509,0.033543304194519945,1,6
891,2025-05-18 06:19:56.644509,0.15627831239746323,0,6
892,2025-05-18 06:04:56.644509,0.23643943289502684,0,6
893,2025-05-18 05:49:56.644509,0.21653382795856901,0,5
894,2025-05-18 05:34:56.644509,0.06139903033864688,0,5
895,2025-05-18 05:19:56.644509,0.1344584833125199,0,5
896,2025-05-18 05:04:56.644509,0.02751658953451358,0,5
897,2025-05-18 04:49:56.644509,0.041907245525110805,0,4
898,2025-05-18 04:34:56.644509,0.27693564974656576,0,4
899,2025-05-18 04:19:56.644509,0.0010333259874139918,0,4
900,2025-05-18 04:04:56.644509,0.010374886750410149,0,4
901,2025-05-18 03:49:56.644509,0.027964078454418576,0,3
902,2025-05-18 03:34:56.644509,0.0027234995959744364,0,3
903,2025-05-18 03:19:56.644509,0.023942799774725142,0,3
904,2025-05-18 03:04:56.644509,0.10653113445481036,0,3
905,2025-05-18 02:49:56.644509,0.06642425132838709,0,2
906,2025-05-18 02:34:56.644509,0.2726829746076055,0,2
907,2025-05-18 02:19:56.644509,0.20765077499449056,0,2
908,2025-05-18 02:04:56.644509,0.050641543622517694,0,2
909,2025-05-18 01:49:56.644509,0.03620069051641813,0,1
910,2025-05-18 01:34:56.644509,0.05789747545238621,0,1
911,2025-05-18 01:19:56.644509,0.1086798158622885,0,1
912,2025-05-18 01:04:56.644509,0.03763742990768628,0,1
913,2025-05-18 00:49:56.644509,0.1192383505962438,1,0
914,2025-05-18 00:34:56.644509,0.06390827395381865,0,0
915,2025-05-18 00:19:56.644509,0.0977521486814075,0,0
916,2025-05-18 00:04:56.644509,0.0695756507260217,0,0
917,2025-05-17 23:49:56.644509,0.04213558118465193,0,23
918,2025-05-17 23:34:56.644509,0.3624745953622763,0,23
919,2025-05-17 23:19:56.644509,0.17600945174955315,0,23
920,2025-05-17 23:04:56.644509,0.017913024314993024,0,23
921,2025-05-17 22:49:56.644509,0.24778520531844564,0,22
922,2025-05-17 22:34:56.644509,0.0812550503195475,0,22
923,2025-05-17 22:19:56.644509,0.2748469600137124,0,22
924,2025-05-17 22:04:56.644509,0.19638948064350253,0,22
925,2025-05-17 21:49:56.644509,0.0672286294963148,0,21
926,2025-05-17 21:34:56.644509,0.002213570361664096,0,21
927,2025-05-17 21:19:56.644509,0.037740272778471556,0,21
928,2025-05-17 21:04:56.644509,0.09493927373344108,0,21
929,2025-05-17 20:49:56.644509,0.12231567864051521,0,20
930,2025-05-17 20:34:56.644509,0.03594725629912584,0,20
931,2025-05-17 20:19:56.644509,0.01780528416464654,0,20
932,2025-05-17 20:04:56.644509,0.2199784519699307,0,20
933,2025-05-17 19:49:56.644509,0.5088248977692892,0,19
934,2025-05-17 19:34:56.644509,0.09075271186855702,0,19
935,2025-05-17 19:19:56.644509,0.02249198070471853,0,19
936,2025-05-17 19:04:56.644509,0.03834937192389628,0,19
937,2025-05-17 18:49:56.644509,0.0017036411273537548,0,18
938,2025-05-17 18:34:56.644509,0.3002332329391023,0,18
939,2025-05-17 18:19:56.644509,0.014769582996645365,0,18
940,2025-05-17 18:04:56.644509,0.10462976566517301,0,18
941,2025-05-17 17:49:56.644509,0.03864382085751365,0,17
942,2025-05-17 17:34:56.644509,0.09833614926908105,0,17
943,2025-05-17 17:19:56.644509,0.12846115232988076,0,17
944,2025-05-17 17:04:56.644509,0.21618979406939448,0,17
945,2025-05-17 16:49:56.644509,0.02773819143465805,0,16
946,2025-05-17 16:34:56.644509,0.0007847890496829012,0,16
947,2025-05-17 16:19:56.644509,0.01745451651607532,0,16
948,2025-05-17 16:04:56.644509,0.2813640147897843,0,16
949,2025-05-17 15:49:56.644509,0.2529389798966674,0,15
950,2025-05-17 15:34:56.644509,0.1108254364700409,0,15
951,2025-05-17 15:19:56.644509,0.11177306006513382,0,15
952,2025-05-17 15:04:56.644509,0.13333945493278482,0,15
953,2025-05-17 14:49:56.644509,0.023038639535737898,0,14
954,2025-05-17 14:34:56.644509,0.30039484316462206,0,14
955,2025-05-17 14:19:56.644509,0.06586412497857441,1,14
956,2025-05-17 14:04:56.644509,0.05857942163128383,0,14
957,2025-05-17 13:49:56.644509,0.0890166262641103,0,13
958,2025-05-17 13:34:56.644509,0.0053208942432478755,0,13
959,2025-05-17 13:19:56.644509,0.021696784935968074,0,13
960,2025-05-17 13:04:56.644509,0.16343384999632704,0,13
961,2025-05-17 12:49:56.644509,0.010013100222826221,0,12
962,2025-05-17 12:34:56.644509,0.1125829476725679,0,12
963,2025-05-17 12:19:56.644509,0.03389590832292662,0,12
964,2025-05-17 12:04:56.644509,0.059807414481255664,0,12
965,2025-05-17 11:49:56.644509,0.041137760474056664,0,11
966,2025-05-17 11:34:56.644509,0.05324628418913294,0,11
967,2025-05-17 11:19:56.644509,0.15486667156394623,0,11
968,2025-05-17 11:04:56.644509,0.04259714978329538,0,11
969,2025-05-17 10:49:56.644509,0.10174098288400793,0,10
970,2025-05-17 10:34:56.644509,0.07856644384044664,0,10
971,2025-05-17 10:19:56.644509,0.13284115673743235,0,10
972,2025-05-17 10:04:56.644509,0.3375786625529519,0,10
973,2025-05-17 09:49:56.644509,0.16090746590269106,0,9
974,2025-05-17 09:34:56.644509,0.029059232596292763,0,9
975,2025-05-17 09:19:56.644509,0.003309948823428586,0,9
976,2025-05-17 09:04:56.644509,0.036671441514238845,0,9
977,2025-05-17 08:49:56.644509,0.1101171674135018,0,8
978,2025-05-17 08:34:56.644509,0.005895100271799016,0,8
979,2025-05-17 08:19:56.644509,0.0834080168466417,0,8
980,2025-05-17 08:04:56.644509,0.11065219520556333,0,8
981,2025-05-17 07:49:56.644509,0.04924030950806827,0,7
982,2025-05-17 07:34:56.644509,0.17985320404515293,0,7
983,2025-05-17 07:19:56.644509,0.013231837214427387,0,7
984,2025-05-17 07:04:56.644509,0.00899446607409584,0,7
985,2025-05-17 06:49:56.644509,0.15891672176106172,0,6
986,2025-05-17 06:34:56.644509,0.08319559734567447,0,6
987,2025-05-17 06:19:56.644509,0.14219251205955094,0,6
988,2025-05-17 06:04:56.644509,0.06929405715125248,0,6
989,2025-05-17 05:49:56.644509,0.034066700947623596,0,5
990,2025-05-17 05:34:56.644509,0.20876857905433532,0,5
991,2025-05-17 05:19:56.644509,0.19612074242758148,0,5
992,2025-05-17 05:04:56.644509,0.14469073679570998,0,5
993,2025-05-17 04:49:56.644509,0.03832243688630965,0,4
994,2025-05-17 04:34:56.644509,0.10866022674404369,0,4
995,2025-05-17 04:19:56.644509,0.05425757241852151,0,4
996,2025-05-17 04:04:56.644509,0.011190895957295723,0,4
997,2025-05-17 03:49:56.644509,0.30461752246627,0,3
998,2025-05-17 03:34:56.644509,0.017444721956952913,0,3
999,2025-05-17 03:19:56.644509,0.36678726217586133,0,3
1000,2025-05-17 03:04:56.644509,0.07173963613212861,0,3
